Name,Average Rating,Latitude,Longitude,Website,Keyword,Current Position,Timestamp
South Jersey Center for Dental Medicine,5,39.8761272,-74.9229843,https://www.marltoncosmeticdentist.com/,south jersey center for dental medicine,1,2025-02-22 07:59:33
South Jersey Center for Dental Medicine,5,39.8761272,-74.9229843,https://www.marltoncosmeticdentist.com/,dentist marlton nj,2,2025-02-22 07:59:33
South Jersey Center for Dental Medicine,5,39.8761272,-74.9229843,https://www.marltoncosmeticdentist.com/,south jersey dentistry,3,2025-02-22 07:59:33
South Jersey Center for Dental Medicine,5,39.8761272,-74.9229843,https://www.marltoncosmeticdentist.com/,emergency dentist,42,2025-02-22 07:59:33
South Jersey Center for Dental Medicine,5,39.8761272,-74.9229843,https://www.marltoncosmeticdentist.com/,south jersey dental,6,2025-02-22 07:59:33
South Jersey Center for Dental Medicine,5,39.8761272,-74.9229843,https://www.marltoncosmeticdentist.com/,dentist in south jersey,2,2025-02-22 07:59:33
South Jersey Center for Dental Medicine,5,39.8761272,-74.9229843,https://www.marltoncosmeticdentist.com/,dr sandberg,9,2025-02-22 07:59:33
South Jersey Center for Dental Medicine,5,39.8761272,-74.9229843,https://www.marltoncosmeticdentist.com/,marlton dentist,2,2025-02-22 07:59:33
South Jersey Center for Dental Medicine,5,39.8761272,-74.9229843,https://www.marltoncosmeticdentist.com/,doctor vidya,4,2025-02-22 07:59:33
South Jersey Center for Dental Medicine,5,39.8761272,-74.9229843,https://www.marltoncosmeticdentist.com/,dr vidya,2,2025-02-22 07:59:33
Lakeview Dental Care of Gibbsboro,4.8,39.8430002,-74.9679245,https://www.lakeviewdentalcare.com/location/gibbsboro/?utm_source=gmb&utm_medium=Google%20My%20Business&utm_campaign=gibbsboro,lakeview dental,1,2025-02-22 07:59:33
Lakeview Dental Care of Gibbsboro,4.8,39.8430002,-74.9679245,https://www.lakeviewdentalcare.com/location/gibbsboro/?utm_source=gmb&utm_medium=Google%20My%20Business&utm_campaign=gibbsboro,lakeview dental care,1,2025-02-22 07:59:33
Lakeview Dental Care of Gibbsboro,4.8,39.8430002,-74.9679245,https://www.lakeviewdentalcare.com/location/gibbsboro/?utm_source=gmb&utm_medium=Google%20My%20Business&utm_campaign=gibbsboro,lakeview dental care of washington township,1,2025-02-22 07:59:33
Lakeview Dental Care of Gibbsboro,4.8,39.8430002,-74.9679245,https://www.lakeviewdentalcare.com/location/gibbsboro/?utm_source=gmb&utm_medium=Google%20My%20Business&utm_campaign=gibbsboro,lakeview dental cherry hill,1,2025-02-22 07:59:33
Lakeview Dental Care of Gibbsboro,4.8,39.8430002,-74.9679245,https://www.lakeviewdentalcare.com/location/gibbsboro/?utm_source=gmb&utm_medium=Google%20My%20Business&utm_campaign=gibbsboro,lakeview dental care of haddon heights,1,2025-02-22 07:59:33
Lakeview Dental Care of Gibbsboro,4.8,39.8430002,-74.9679245,https://www.lakeviewdentalcare.com/location/gibbsboro/?utm_source=gmb&utm_medium=Google%20My%20Business&utm_campaign=gibbsboro,lakeview dental haddon heights,1,2025-02-22 07:59:33
Lakeview Dental Care of Gibbsboro,4.8,39.8430002,-74.9679245,https://www.lakeviewdentalcare.com/location/gibbsboro/?utm_source=gmb&utm_medium=Google%20My%20Business&utm_campaign=gibbsboro,lakeview dental care of gibbsboro,1,2025-02-22 07:59:33
Lakeview Dental Care of Gibbsboro,4.8,39.8430002,-74.9679245,https://www.lakeviewdentalcare.com/location/gibbsboro/?utm_source=gmb&utm_medium=Google%20My%20Business&utm_campaign=gibbsboro,lakeview dental marlton,1,2025-02-22 07:59:33
Lakeview Dental Care of Gibbsboro,4.8,39.8430002,-74.9679245,https://www.lakeviewdentalcare.com/location/gibbsboro/?utm_source=gmb&utm_medium=Google%20My%20Business&utm_campaign=gibbsboro,lakeview dental haddon heights nj,1,2025-02-22 07:59:33
Lakeview Dental Care of Gibbsboro,4.8,39.8430002,-74.9679245,https://www.lakeviewdentalcare.com/location/gibbsboro/?utm_source=gmb&utm_medium=Google%20My%20Business&utm_campaign=gibbsboro,lakeview dental care of marlton,1,2025-02-22 07:59:33
Lakeview Dental Care of Cherry Hill,4.8,39.913097199999996,-75.0082173,https://www.lakeviewdentalcare.com/location/cherry-hill/?utm_source=gmb&utm_medium=Google%20My%20Business&utm_campaign=cherry_hill,lakeview dental,1,2025-02-22 07:59:34
Lakeview Dental Care of Cherry Hill,4.8,39.913097199999996,-75.0082173,https://www.lakeviewdentalcare.com/location/cherry-hill/?utm_source=gmb&utm_medium=Google%20My%20Business&utm_campaign=cherry_hill,lakeview dental care,1,2025-02-22 07:59:34
Lakeview Dental Care of Cherry Hill,4.8,39.913097199999996,-75.0082173,https://www.lakeviewdentalcare.com/location/cherry-hill/?utm_source=gmb&utm_medium=Google%20My%20Business&utm_campaign=cherry_hill,lakeview dental care of washington township,1,2025-02-22 07:59:34
Lakeview Dental Care of Cherry Hill,4.8,39.913097199999996,-75.0082173,https://www.lakeviewdentalcare.com/location/cherry-hill/?utm_source=gmb&utm_medium=Google%20My%20Business&utm_campaign=cherry_hill,lakeview dental cherry hill,1,2025-02-22 07:59:34
Lakeview Dental Care of Cherry Hill,4.8,39.913097199999996,-75.0082173,https://www.lakeviewdentalcare.com/location/cherry-hill/?utm_source=gmb&utm_medium=Google%20My%20Business&utm_campaign=cherry_hill,lakeview dental care of haddon heights,1,2025-02-22 07:59:34
Lakeview Dental Care of Cherry Hill,4.8,39.913097199999996,-75.0082173,https://www.lakeviewdentalcare.com/location/cherry-hill/?utm_source=gmb&utm_medium=Google%20My%20Business&utm_campaign=cherry_hill,lakeview dental haddon heights,1,2025-02-22 07:59:34
Lakeview Dental Care of Cherry Hill,4.8,39.913097199999996,-75.0082173,https://www.lakeviewdentalcare.com/location/cherry-hill/?utm_source=gmb&utm_medium=Google%20My%20Business&utm_campaign=cherry_hill,lakeview dental care of gibbsboro,1,2025-02-22 07:59:34
Lakeview Dental Care of Cherry Hill,4.8,39.913097199999996,-75.0082173,https://www.lakeviewdentalcare.com/location/cherry-hill/?utm_source=gmb&utm_medium=Google%20My%20Business&utm_campaign=cherry_hill,lakeview dental marlton,1,2025-02-22 07:59:34
Lakeview Dental Care of Cherry Hill,4.8,39.913097199999996,-75.0082173,https://www.lakeviewdentalcare.com/location/cherry-hill/?utm_source=gmb&utm_medium=Google%20My%20Business&utm_campaign=cherry_hill,lakeview dental haddon heights nj,1,2025-02-22 07:59:34
Lakeview Dental Care of Cherry Hill,4.8,39.913097199999996,-75.0082173,https://www.lakeviewdentalcare.com/location/cherry-hill/?utm_source=gmb&utm_medium=Google%20My%20Business&utm_campaign=cherry_hill,lakeview dental care of marlton,1,2025-02-22 07:59:34
Lakeview Dental Care of Haddon Heights,4.8,39.882663799999996,-75.05594219999999,https://www.lakeviewdentalcare.com/location/haddon-heights/?utm_source=gmb&utm_medium=Google%20My%20Business&utm_campaign=haddon_heights,lakeview dental,1,2025-02-22 07:59:34
Lakeview Dental Care of Haddon Heights,4.8,39.882663799999996,-75.05594219999999,https://www.lakeviewdentalcare.com/location/haddon-heights/?utm_source=gmb&utm_medium=Google%20My%20Business&utm_campaign=haddon_heights,lakeview dental care,1,2025-02-22 07:59:34
Lakeview Dental Care of Haddon Heights,4.8,39.882663799999996,-75.05594219999999,https://www.lakeviewdentalcare.com/location/haddon-heights/?utm_source=gmb&utm_medium=Google%20My%20Business&utm_campaign=haddon_heights,lakeview dental care of washington township,1,2025-02-22 07:59:34
Lakeview Dental Care of Haddon Heights,4.8,39.882663799999996,-75.05594219999999,https://www.lakeviewdentalcare.com/location/haddon-heights/?utm_source=gmb&utm_medium=Google%20My%20Business&utm_campaign=haddon_heights,lakeview dental cherry hill,1,2025-02-22 07:59:34
Lakeview Dental Care of Haddon Heights,4.8,39.882663799999996,-75.05594219999999,https://www.lakeviewdentalcare.com/location/haddon-heights/?utm_source=gmb&utm_medium=Google%20My%20Business&utm_campaign=haddon_heights,lakeview dental care of haddon heights,1,2025-02-22 07:59:34
Lakeview Dental Care of Haddon Heights,4.8,39.882663799999996,-75.05594219999999,https://www.lakeviewdentalcare.com/location/haddon-heights/?utm_source=gmb&utm_medium=Google%20My%20Business&utm_campaign=haddon_heights,lakeview dental haddon heights,1,2025-02-22 07:59:34
Lakeview Dental Care of Haddon Heights,4.8,39.882663799999996,-75.05594219999999,https://www.lakeviewdentalcare.com/location/haddon-heights/?utm_source=gmb&utm_medium=Google%20My%20Business&utm_campaign=haddon_heights,lakeview dental care of gibbsboro,1,2025-02-22 07:59:34
Lakeview Dental Care of Haddon Heights,4.8,39.882663799999996,-75.05594219999999,https://www.lakeviewdentalcare.com/location/haddon-heights/?utm_source=gmb&utm_medium=Google%20My%20Business&utm_campaign=haddon_heights,lakeview dental marlton,1,2025-02-22 07:59:34
Lakeview Dental Care of Haddon Heights,4.8,39.882663799999996,-75.05594219999999,https://www.lakeviewdentalcare.com/location/haddon-heights/?utm_source=gmb&utm_medium=Google%20My%20Business&utm_campaign=haddon_heights,lakeview dental haddon heights nj,1,2025-02-22 07:59:34
Lakeview Dental Care of Haddon Heights,4.8,39.882663799999996,-75.05594219999999,https://www.lakeviewdentalcare.com/location/haddon-heights/?utm_source=gmb&utm_medium=Google%20My%20Business&utm_campaign=haddon_heights,lakeview dental care of marlton,1,2025-02-22 07:59:34
Dental Arts of South Jersey,4.8,39.8431952,-74.979052,https://www.dentalartsofsouthjersey.com/,dental arts of south jersey,1,2025-02-22 07:59:35
Dental Arts of South Jersey,4.8,39.8431952,-74.979052,https://www.dentalartsofsouthjersey.com/,dental arts of south jersey voorhees nj,1,2025-02-22 07:59:35
Dental Arts of South Jersey,4.8,39.8431952,-74.979052,https://www.dentalartsofsouthjersey.com/,dental arts of south jersey voorhees,1,2025-02-22 07:59:35
Dental Arts of South Jersey,4.8,39.8431952,-74.979052,https://www.dentalartsofsouthjersey.com/,south jersey dental arts,1,2025-02-22 07:59:35
Dental Arts of South Jersey,4.8,39.8431952,-74.979052,https://www.dentalartsofsouthjersey.com/,dental arts group voorhees,1,2025-02-22 07:59:35
Dental Arts of South Jersey,4.8,39.8431952,-74.979052,https://www.dentalartsofsouthjersey.com/,dentist voorhees nj,1,2025-02-22 07:59:35
Dental Arts of South Jersey,4.8,39.8431952,-74.979052,https://www.dentalartsofsouthjersey.com/,dental arts of south jersey reviews,1,2025-02-22 07:59:35
Dental Arts of South Jersey,4.8,39.8431952,-74.979052,https://www.dentalartsofsouthjersey.com/,voorhees dentist,4,2025-02-22 07:59:35
Dental Arts of South Jersey,4.8,39.8431952,-74.979052,https://www.dentalartsofsouthjersey.com/,dental arts nj,1,2025-02-22 07:59:35
Dental Arts of South Jersey,4.8,39.8431952,-74.979052,https://www.dentalartsofsouthjersey.com/,jersey dental arts,4,2025-02-22 07:59:35
Whitman Dental Center,4.9,39.9188159,-75.15235419999999,http://whitmandental.com/,whitman dental center,1,2025-02-22 07:59:35
Whitman Dental Center,4.9,39.9188159,-75.15235419999999,http://whitmandental.com/,whitman dental,1,2025-02-22 07:59:35
Whitman Dental Center,4.9,39.9188159,-75.15235419999999,http://whitmandental.com/,whitman dental center south 3rd street philadelphia pa,1,2025-02-22 07:59:35
Whitman Dental Center,4.9,39.9188159,-75.15235419999999,http://whitmandental.com/,dentist south philadelphia,8,2025-02-22 07:59:35
Whitman Dental Center,4.9,39.9188159,-75.15235419999999,http://whitmandental.com/,whitman dentist,1,2025-02-22 07:59:35
Whitman Dental Center,4.9,39.9188159,-75.15235419999999,http://whitmandental.com/,whitman pediatrics philadelphia,8,2025-02-22 07:59:35
Whitman Dental Center,4.9,39.9188159,-75.15235419999999,http://whitmandental.com/,dentist 3rd street,7,2025-02-22 07:59:35
Whitman Dental Center,4.9,39.9188159,-75.15235419999999,http://whitmandental.com/,dentist on 3rd street,4,2025-02-22 07:59:35
Whitman Dental Center,4.9,39.9188159,-75.15235419999999,http://whitmandental.com/,philly dentist,19,2025-02-22 07:59:35
Whitman Dental Center,4.9,39.9188159,-75.15235419999999,http://whitmandental.com/,dentist in south philadelphia pa,8,2025-02-22 07:59:35
Philadelphia Dental - Moyamensing Ave,5,39.9268169,-75.15086699999999,https://philadelphiadental.com/,dentist near me,50,2025-02-22 07:59:35
Philadelphia Dental - Moyamensing Ave,5,39.9268169,-75.15086699999999,https://philadelphiadental.com/,philadelphia dental liberty,1,2025-02-22 07:59:35
Philadelphia Dental - Moyamensing Ave,5,39.9268169,-75.15086699999999,https://philadelphiadental.com/,dentist philadelphia,5,2025-02-22 07:59:35
Philadelphia Dental - Moyamensing Ave,5,39.9268169,-75.15086699999999,https://philadelphiadental.com/,philadelphia dental - liberty,1,2025-02-22 07:59:35
Philadelphia Dental - Moyamensing Ave,5,39.9268169,-75.15086699999999,https://philadelphiadental.com/,philadelphia dental - allegheny ave,1,2025-02-22 07:59:35
Philadelphia Dental - Moyamensing Ave,5,39.9268169,-75.15086699999999,https://philadelphiadental.com/,philadelphia dental broad st,1,2025-02-22 07:59:35
Philadelphia Dental - Moyamensing Ave,5,39.9268169,-75.15086699999999,https://philadelphiadental.com/,philadelphia dental - broad st,1,2025-02-22 07:59:35
Philadelphia Dental - Moyamensing Ave,5,39.9268169,-75.15086699999999,https://philadelphiadental.com/,philadelphia dental,1,2025-02-22 07:59:35
Philadelphia Dental - Moyamensing Ave,5,39.9268169,-75.15086699999999,https://philadelphiadental.com/,philadelphia dental - moyamensing ave,1,2025-02-22 07:59:35
Philadelphia Dental - Moyamensing Ave,5,39.9268169,-75.15086699999999,https://philadelphiadental.com/,philadelphia dental,3,2025-02-22 07:59:35
Deptford Family Dental,4.2,39.841821499999995,-75.0924465,http://deptfordfamilydental.com/,deptford family dental,1,2025-02-22 07:59:35
Deptford Family Dental,4.2,39.841821499999995,-75.0924465,http://deptfordfamilydental.com/,deptford family dental deptford township nj,1,2025-02-22 07:59:35
Deptford Family Dental,4.2,39.841821499999995,-75.0924465,http://deptfordfamilydental.com/,deptford family dental deptford nj,1,2025-02-22 07:59:35
Deptford Family Dental,4.2,39.841821499999995,-75.0924465,http://deptfordfamilydental.com/,2000 clements bridge rd deptford nj 08096,1,2025-02-22 07:59:35
Deptford Family Dental,4.2,39.841821499999995,-75.0924465,http://deptfordfamilydental.com/,dentist in deptford new jersey,1,2025-02-22 07:59:35
Deptford Family Dental,4.2,39.841821499999995,-75.0924465,http://deptfordfamilydental.com/,deptford dental,1,2025-02-22 07:59:35
Deptford Family Dental,4.2,39.841821499999995,-75.0924465,http://deptfordfamilydental.com/,2000 clements bridge rd deptford nj,1,2025-02-22 07:59:35
Deptford Family Dental,4.2,39.841821499999995,-75.0924465,http://deptfordfamilydental.com/,dentist deptford nj,1,2025-02-22 07:59:35
Deptford Family Dental,4.2,39.841821499999995,-75.0924465,http://deptfordfamilydental.com/,2000 clements bridge rd,1,2025-02-22 07:59:35
Deptford Family Dental,4.2,39.841821499999995,-75.0924465,http://deptfordfamilydental.com/,2000 clements bridge road,1,2025-02-22 07:59:35
Family Dental Care of South Jersey,4.7,39.8526679,-74.9804388,http://www.familydentalcareofsouthjersey.com/,family dental care of south jersey,1,2025-02-22 07:59:36
Family Dental Care of South Jersey,4.7,39.8526679,-74.9804388,http://www.familydentalcareofsouthjersey.com/,dentist voorhees nj,2,2025-02-22 07:59:36
Family Dental Care of South Jersey,4.7,39.8526679,-74.9804388,http://www.familydentalcareofsouthjersey.com/,voorhees dentist,1,2025-02-22 07:59:36
Family Dental Care of South Jersey,4.7,39.8526679,-74.9804388,http://www.familydentalcareofsouthjersey.com/,south jersey dental voorhees,1,2025-02-22 07:59:36
Family Dental Care of South Jersey,4.7,39.8526679,-74.9804388,http://www.familydentalcareofsouthjersey.com/,family dental care of south jersey reviews,3,2025-02-22 07:59:36
Family Dental Care of South Jersey,4.7,39.8526679,-74.9804388,http://www.familydentalcareofsouthjersey.com/,family dental care of south jersey reviews,4,2025-02-22 07:59:36
Family Dental Care of South Jersey,4.7,39.8526679,-74.9804388,http://www.familydentalcareofsouthjersey.com/,dentists voorhees,1,2025-02-22 07:59:36
Family Dental Care of South Jersey,4.7,39.8526679,-74.9804388,http://www.familydentalcareofsouthjersey.com/,family dental nj,3,2025-02-22 07:59:36
Family Dental Care of South Jersey,4.7,39.8526679,-74.9804388,http://www.familydentalcareofsouthjersey.com/,south jersey family dental,3,2025-02-22 07:59:36
Family Dental Care of South Jersey,4.7,39.8526679,-74.9804388,http://www.familydentalcareofsouthjersey.com/,dentists in voorhees nj,1,2025-02-22 07:59:36
Cherry Hill Dental Excellence,5,39.9091398,-74.9886901,https://www.cherryhilldentalexcellence.com/,cherry hill dental excellence,1,2025-02-22 07:59:36
Cherry Hill Dental Excellence,5,39.9091398,-74.9886901,https://www.cherryhilldentalexcellence.com/,cherry hill dental,6,2025-02-22 07:59:36
Cherry Hill Dental Excellence,5,39.9091398,-74.9886901,https://www.cherryhilldentalexcellence.com/,dentist cherry hill,2,2025-02-22 07:59:36
Cherry Hill Dental Excellence,5,39.9091398,-74.9886901,https://www.cherryhilldentalexcellence.com/,cherry hill dentist,1,2025-02-22 07:59:36
Cherry Hill Dental Excellence,5,39.9091398,-74.9886901,https://www.cherryhilldentalexcellence.com/,dentist in cherry hill nj,1,2025-02-22 07:59:36
Cherry Hill Dental Excellence,5,39.9091398,-74.9886901,https://www.cherryhilldentalexcellence.com/,dentists cherry hill,1,2025-02-22 07:59:36
Cherry Hill Dental Excellence,5,39.9091398,-74.9886901,https://www.cherryhilldentalexcellence.com/,dentist in cherry hill new jersey,1,2025-02-22 07:59:36
Cherry Hill Dental Excellence,5,39.9091398,-74.9886901,https://www.cherryhilldentalexcellence.com/,cherry hill dentists,3,2025-02-22 07:59:36
Cherry Hill Dental Excellence,5,39.9091398,-74.9886901,https://www.cherryhilldentalexcellence.com/,dentist cherry hill nj,2,2025-02-22 07:59:36
Cherry Hill Dental Excellence,5,39.9091398,-74.9886901,https://www.cherryhilldentalexcellence.com/,dentists in cherry hill nj,1,2025-02-22 07:59:36
